{
  "id": "/subscriptions/a900ae23-d343-42c7-a267-d322afde89d4/resourceGroups/bry/providers/Microsoft.Resources/deployments/Microsoft.PostgreSQLServer.createPostgreSqlServer_0efc262c852841",
  "name": "Microsoft.PostgreSQLServer.createPostgreSqlServer_0efc262c852841",
  "type": "Microsoft.Resources/deployments",
  "tags": {
    "primaryResourceId": "/subscriptions/a900ae23-d343-42c7-a267-d322afde89d4/resourceGroups/bry/providers/Microsoft.DBforPostgreSQL/servers/ds-algo-db",
    "marketplaceItemId": "Microsoft.PostgreSQLServer"
  },
  "properties": {
    "templateHash": "12182925163823732119",
    "parameters": {
      "administratorLogin": {
        "type": "String",
        "value": "bryan"
      },
      "administratorLoginPassword": {
        "type": "SecureString"
      },
      "location": {
        "type": "String",
        "value": "eastus"
      },
      "serverName": {
        "type": "String",
        "value": "ds-algo-db"
      },
      "skuCapacity": {
        "type": "Int",
        "value": 4
      },
      "skuFamily": {
        "type": "String",
        "value": "Gen5"
      },
      "skuName": {
        "type": "String",
        "value": "GP_Gen5_4"
      },
      "skuSizeMB": {
        "type": "Int",
        "value": 102400
      },
      "skuTier": {
        "type": "String",
        "value": "GeneralPurpose"
      },
      "version": {
        "type": "String",
        "value": "10"
      },
      "backupRetentionDays": {
        "type": "Int",
        "value": 7
      },
      "geoRedundantBackup": {
        "type": "String",
        "value": "Disabled"
      },
      "previewFeature": {
        "type": "String",
        "value": ""
      },
      "tags": {
        "type": "Object",
        "value": {}
      },
      "storageAutoGrow": {
        "type": "String",
        "value": "Enabled"
      },
      "infrastructureEncryption": {
        "type": "String",
        "value": "Disabled"
      }
    },
    "mode": "Incremental",
    "debugSetting": {
      "detailLevel": "None"
    },
    "provisioningState": "Succeeded",
    "timestamp": "2021-02-06T21:23:24.4546404Z",
    "duration": "PT2M6.3040361S",
    "correlationId": "96f7c66d-f2ef-4e65-8abb-8438b721124c",
    "providers": [
      {
        "namespace": "Microsoft.DBforPostgreSQL",
        "resourceTypes": [
          {
            "resourceType": "servers",
            "locations": [
              "eastus"
            ]
          }
        ]
      }
    ],
    "dependencies": [],
    "outputResources": [
      {
        "id": "/subscriptions/a900ae23-d343-42c7-a267-d322afde89d4/resourceGroups/bry/providers/Microsoft.DBforPostgreSQL/servers/ds-algo-db"
      }
    ],
    "validationLevel": "Template"
  }
}