[
  {
    "id": "/subscriptions/a900ae23-d343-42c7-a267-d322afde89d4/resourceGroups/bry/providers/Microsoft.Resources/deployments/Microsoft.PostgreSQLServer.createPostgreSqlServer_0efc262c852841/operations/C9DF4C751DBF3451",
    "operationId": "C9DF4C751DBF3451",
    "properties": {
      "provisioningOperation": "Create",
      "provisioningState": "Succeeded",
      "timestamp": "2021-02-06T21:23:24.3553026Z",
      "duration": "PT2M5.2156443S",
      "trackingId": "ea521a1f-290b-4179-885d-f918b4ba450d",
      "serviceRequestId": "3026da0c-954f-44f1-a14d-4ef50f0de331",
      "statusCode": "Created",
      "targetResource": {
        "id": "/subscriptions/a900ae23-d343-42c7-a267-d322afde89d4/resourceGroups/bry/providers/Microsoft.DBforPostgreSQL/servers/ds-algo-db",
        "resourceType": "Microsoft.DBforPostgreSQL/servers",
        "resourceName": "ds-algo-db"
      }
    }
  },
  {
    "id": "/subscriptions/a900ae23-d343-42c7-a267-d322afde89d4/resourceGroups/bry/providers/Microsoft.Resources/deployments/Microsoft.PostgreSQLServer.createPostgreSqlServer_0efc262c852841/operations/08585889604073270343",
    "operationId": "08585889604073270343",
    "properties": {
      "provisioningOperation": "EvaluateDeploymentOutput",
      "provisioningState": "Succeeded",
      "timestamp": "2021-02-06T21:23:24.4263126Z",
      "duration": "PT2M5.2866543S",
      "trackingId": "153a1e9b-1227-4d21-80d5-c33d345958c2",
      "statusCode": "OK"
    }
  }
]